Username,Followers,Post Number (newer First),Likes,Business Category
deco_turc,6846,0,131,Home Goods Stores
deco_turc,6846,1,12,Home Goods Stores
deco_turc,6846,2,17,Home Goods Stores
deco_turc,6846,3,35,Home Goods Stores
deco_turc,6846,4,9,Home Goods Stores
deco_turc,6846,5,19,Home Goods Stores
deco_turc,6846,6,19,Home Goods Stores
deco_turc,6846,7,168,Home Goods Stores
deco_turc,6846,8,8,Home Goods Stores
deco_turc,6846,9,303,Home Goods Stores
dmomentevents,29688,0,557,Home Services
dmomentevents,29688,1,696,Home Services
dmomentevents,29688,2,777,Home Services
dmomentevents,29688,3,2035,Home Services
dmomentevents,29688,4,3361,Home Services
dmomentevents,29688,5,2692,Home Services
dmomentevents,29688,6,2503,Home Services
dmomentevents,29688,7,238,Home Services
dmomentevents,29688,8,311,Home Services
dmomentevents,29688,9,1877,Home Services
gabyrushop,24,0,2,Personal Goods & General Merchandise Stores
gabyrushop,24,1,1,Personal Goods & General Merchandise Stores
gabyrushop,24,2,1,Personal Goods & General Merchandise Stores
gabyrushop,24,3,3,Personal Goods & General Merchandise Stores
gabyrushop,24,4,1,Personal Goods & General Merchandise Stores
gabyrushop,24,5,1,Personal Goods & General Merchandise Stores
gabyrushop,24,6,1,Personal Goods & General Merchandise Stores
gabyrushop,24,7,1,Personal Goods & General Merchandise Stores
gabyrushop,24,8,1,Personal Goods & General Merchandise Stores
gabyrushop,24,9,1,Personal Goods & General Merchandise Stores
globon.espana,70,0,5,NULL
globon.espana,70,1,4,NULL
globon.espana,70,2,12,NULL
globon.espana,70,3,8,NULL
globon.espana,70,4,6,NULL
lamparasandi,2427,0,62,Creators & Celebrities
lamparasandi,2427,1,29,Creators & Celebrities
lamparasandi,2427,2,28,Creators & Celebrities
lamparasandi,2427,3,36,Creators & Celebrities
lamparasandi,2427,4,14,Creators & Celebrities
lamparasandi,2427,5,35,Creators & Celebrities
lamparasandi,2427,6,28,Creators & Celebrities
lamparasandi,2427,7,36,Creators & Celebrities
lamparasandi,2427,8,17,Creators & Celebrities
lamparasandi,2427,9,25,Creators & Celebrities
terresnicolinteriorismo,112,0,32,NULL
almamater.diy,468,0,22,Personal Goods & General Merchandise Stores
almamater.diy,468,1,18,Personal Goods & General Merchandise Stores
almamater.diy,468,2,20,Personal Goods & General Merchandise Stores
almamater.diy,468,3,16,Personal Goods & General Merchandise Stores
almamater.diy,468,4,17,Personal Goods & General Merchandise Stores
almamater.diy,468,5,18,Personal Goods & General Merchandise Stores
almamater.diy,468,6,17,Personal Goods & General Merchandise Stores
almamater.diy,468,7,17,Personal Goods & General Merchandise Stores
almamater.diy,468,8,18,Personal Goods & General Merchandise Stores
almamater.diy,468,9,18,Personal Goods & General Merchandise Stores
moe_deko,2642,0,20,Personal Goods & General Merchandise Stores
moe_deko,2642,1,23,Personal Goods & General Merchandise Stores
moe_deko,2642,2,647,Personal Goods & General Merchandise Stores
moe_deko,2642,3,13,Personal Goods & General Merchandise Stores
moe_deko,2642,4,15,Personal Goods & General Merchandise Stores
moe_deko,2642,5,5,Personal Goods & General Merchandise Stores
moe_deko,2642,6,23,Personal Goods & General Merchandise Stores
moe_deko,2642,7,21,Personal Goods & General Merchandise Stores
moe_deko,2642,8,17,Personal Goods & General Merchandise Stores
moe_deko,2642,9,15,Personal Goods & General Merchandise Stores
artesania_mei,2188,0,84,Personal Goods & General Merchandise Stores
artesania_mei,2188,1,77,Personal Goods & General Merchandise Stores
artesania_mei,2188,2,50,Personal Goods & General Merchandise Stores
artesania_mei,2188,3,87,Personal Goods & General Merchandise Stores
artesania_mei,2188,4,61,Personal Goods & General Merchandise Stores
artesania_mei,2188,5,91,Personal Goods & General Merchandise Stores
artesania_mei,2188,6,70,Personal Goods & General Merchandise Stores
artesania_mei,2188,7,88,Personal Goods & General Merchandise Stores
artesania_mei,2188,8,45,Personal Goods & General Merchandise Stores
artesania_mei,2188,9,95,Personal Goods & General Merchandise Stores
fmindauxi_imagencorporativa,64,0,3,Personal Goods & General Merchandise Stores
piset_torrello,25,0,9,NULL
piset_torrello,25,1,8,NULL
piset_torrello,25,2,9,NULL
piset_torrello,25,3,11,NULL
piset_torrello,25,4,10,NULL
piset_torrello,25,5,6,NULL
piset_torrello,25,6,8,NULL
piset_torrello,25,7,6,NULL
piset_torrello,25,8,7,NULL
piset_torrello,25,9,5,NULL
miyoarte,323,0,14,NULL
miyoarte,323,1,11,NULL
miyoarte,323,2,12,NULL
miyoarte,323,3,11,NULL
miyoarte,323,4,14,NULL
miyoarte,323,5,9,NULL
miyoarte,323,6,16,NULL
miyoarte,323,7,20,NULL
miyoarte,323,8,13,NULL
miyoarte,323,9,11,NULL
leticiadeprado,1033,0,15,Creators & Celebrities
leticiadeprado,1033,1,18,Creators & Celebrities
leticiadeprado,1033,2,21,Creators & Celebrities
leticiadeprado,1033,3,17,Creators & Celebrities
leticiadeprado,1033,4,16,Creators & Celebrities
leticiadeprado,1033,5,21,Creators & Celebrities
leticiadeprado,1033,6,18,Creators & Celebrities
leticiadeprado,1033,7,18,Creators & Celebrities
leticiadeprado,1033,8,29,Creators & Celebrities
leticiadeprado,1033,9,23,Creators & Celebrities
elchambon_,645,0,40,Personal Goods & General Merchandise Stores
elchambon_,645,1,30,Personal Goods & General Merchandise Stores
elchambon_,645,2,32,Personal Goods & General Merchandise Stores
elchambon_,645,3,15,Personal Goods & General Merchandise Stores
elchambon_,645,4,18,Personal Goods & General Merchandise Stores
elchambon_,645,5,16,Personal Goods & General Merchandise Stores
elchambon_,645,6,16,Personal Goods & General Merchandise Stores
elchambon_,645,7,15,Personal Goods & General Merchandise Stores
elchambon_,645,8,16,Personal Goods & General Merchandise Stores
troqueralia,572,0,12,Creators & Celebrities
troqueralia,572,1,18,Creators & Celebrities
troqueralia,572,2,12,Creators & Celebrities
troqueralia,572,3,14,Creators & Celebrities
troqueralia,572,4,7,Creators & Celebrities
troqueralia,572,5,12,Creators & Celebrities
troqueralia,572,6,6,Creators & Celebrities
troqueralia,572,7,12,Creators & Celebrities
troqueralia,572,8,16,Creators & Celebrities
troqueralia,572,9,13,Creators & Celebrities
aromas.cassandra,195,0,3,Personal Goods & General Merchandise Stores
aromas.cassandra,195,1,2,Personal Goods & General Merchandise Stores
surprise_planner_jodhpur,2037,0,86,Home Services
surprise_planner_jodhpur,2037,1,107,Home Services
surprise_planner_jodhpur,2037,2,82,Home Services
surprise_planner_jodhpur,2037,3,77,Home Services
surprise_planner_jodhpur,2037,4,105,Home Services
surprise_planner_jodhpur,2037,5,33,Home Services
surprise_planner_jodhpur,2037,6,52,Home Services
surprise_planner_jodhpur,2037,7,112,Home Services
surprise_planner_jodhpur,2037,8,33,Home Services
surprise_planner_jodhpur,2037,9,49,Home Services
victorortegamuebles,1244,0,31,Personal Goods & General Merchandise Stores
victorortegamuebles,1244,1,23,Personal Goods & General Merchandise Stores
victorortegamuebles,1244,2,34,Personal Goods & General Merchandise Stores
victorortegamuebles,1244,3,19,Personal Goods & General Merchandise Stores
victorortegamuebles,1244,4,79,Personal Goods & General Merchandise Stores
victorortegamuebles,1244,5,48,Personal Goods & General Merchandise Stores
victorortegamuebles,1244,6,31,Personal Goods & General Merchandise Stores
victorortegamuebles,1244,7,21,Personal Goods & General Merchandise Stores
victorortegamuebles,1244,8,24,Personal Goods & General Merchandise Stores
victorortegamuebles,1244,9,34,Personal Goods & General Merchandise Stores
nceronarte,1973,0,131,NULL
nceronarte,1973,1,129,NULL
nceronarte,1973,2,190,NULL
nceronarte,1973,3,180,NULL
nceronarte,1973,4,357,NULL
nceronarte,1973,5,133,NULL
nceronarte,1973,6,300,NULL
nceronarte,1973,7,131,NULL
nceronarte,1973,8,115,NULL
nceronarte,1973,9,67,NULL
lindo_merceria_regalos_flores,213,0,18,Personal Goods & General Merchandise Stores
tiendadesilvina,1087,0,16,Personal Goods & General Merchandise Stores
tiendadesilvina,1087,1,16,Personal Goods & General Merchandise Stores
tiendadesilvina,1087,2,14,Personal Goods & General Merchandise Stores
tiendadesilvina,1087,3,11,Personal Goods & General Merchandise Stores
tiendadesilvina,1087,4,12,Personal Goods & General Merchandise Stores
tiendadesilvina,1087,5,13,Personal Goods & General Merchandise Stores
tiendadesilvina,1087,6,10,Personal Goods & General Merchandise Stores
tiendadesilvina,1087,7,14,Personal Goods & General Merchandise Stores
tiendadesilvina,1087,8,10,Personal Goods & General Merchandise Stores
tiendadesilvina,1087,9,15,Personal Goods & General Merchandise Stores
