Hashtag,Username,Followers,Post Number (newer First),Likes,Business Category
tech,enginegoodidea,231,0,13,NULL
tech,enginegoodidea,231,1,19,NULL
tech,enginegoodidea,231,2,18,NULL
tech,enginegoodidea,231,3,15,NULL
tech,enginegoodidea,231,4,17,NULL
tech,enginegoodidea,231,5,19,NULL
tech,enginegoodidea,231,6,14,NULL
tech,enginegoodidea,231,7,17,NULL
tech,enginegoodidea,231,8,25,NULL
tech,enginegoodidea,231,9,20,NULL
tech,gk__india____,825965,0,9065,Professional Services
tech,gk__india____,825965,1,14185,Professional Services
tech,gk__india____,825965,2,9795,Professional Services
tech,gk__india____,825965,3,11203,Professional Services
tech,gk__india____,825965,4,11688,Professional Services
tech,gk__india____,825965,5,7510,Professional Services
tech,gk__india____,825965,6,9405,Professional Services
tech,gk__india____,825965,7,6188,Professional Services
tech,gk__india____,825965,8,5613,Professional Services
tech,gk__india____,825965,9,5217,Professional Services
tech,capgeminiinvent,1366,0,26,Business & Utility Services
tech,capgeminiinvent,1366,1,90,Business & Utility Services
tech,capgeminiinvent,1366,2,83,Business & Utility Services
tech,capgeminiinvent,1366,3,49,Business & Utility Services
tech,capgeminiinvent,1366,4,38,Business & Utility Services
tech,capgeminiinvent,1366,5,95,Business & Utility Services
tech,capgeminiinvent,1366,6,74,Business & Utility Services
tech,capgeminiinvent,1366,7,43,Business & Utility Services
tech,capgeminiinvent,1366,8,77,Business & Utility Services
tech,capgeminiinvent,1366,9,65,Business & Utility Services
tech,gomobile.al,41157,0,59,Personal Goods & General Merchandise Stores
tech,gomobile.al,41157,1,40,Personal Goods & General Merchandise Stores
tech,gomobile.al,41157,2,66,Personal Goods & General Merchandise Stores
tech,gomobile.al,41157,3,24,Personal Goods & General Merchandise Stores
tech,gomobile.al,41157,4,40,Personal Goods & General Merchandise Stores
tech,gomobile.al,41157,5,56,Personal Goods & General Merchandise Stores
tech,gomobile.al,41157,6,41,Personal Goods & General Merchandise Stores
tech,gomobile.al,41157,7,51,Personal Goods & General Merchandise Stores
tech,gomobile.al,41157,8,67,Personal Goods & General Merchandise Stores
tech,gomobile.al,41157,9,41,Personal Goods & General Merchandise Stores
tech,planetgadget.store,382231,0,147,Personal Goods & General Merchandise Stores
tech,planetgadget.store,382231,1,277,Personal Goods & General Merchandise Stores
tech,planetgadget.store,382231,2,164,Personal Goods & General Merchandise Stores
tech,planetgadget.store,382231,3,149,Personal Goods & General Merchandise Stores
tech,planetgadget.store,382231,4,201,Personal Goods & General Merchandise Stores
tech,planetgadget.store,382231,5,121,Personal Goods & General Merchandise Stores
tech,planetgadget.store,382231,6,130,Personal Goods & General Merchandise Stores
tech,planetgadget.store,382231,7,115,Personal Goods & General Merchandise Stores
tech,planetgadget.store,382231,8,141,Personal Goods & General Merchandise Stores
tech,planetgadget.store,382231,9,203,Personal Goods & General Merchandise Stores
tech,techknowlogy_updates,1643,0,14,Creators & Celebrities
tech,techknowlogy_updates,1643,1,7,Creators & Celebrities
tech,techknowlogy_updates,1643,2,10,Creators & Celebrities
tech,techknowlogy_updates,1643,3,6,Creators & Celebrities
tech,techknowlogy_updates,1643,4,5,Creators & Celebrities
tech,techknowlogy_updates,1643,5,15,Creators & Celebrities
tech,techknowlogy_updates,1643,6,8,Creators & Celebrities
tech,techknowlogy_updates,1643,7,7,Creators & Celebrities
tech,techknowlogy_updates,1643,8,8,Creators & Celebrities
tech,techknowlogy_updates,1643,9,10,Creators & Celebrities
tech,mobiledott,6715,0,13,NULL
tech,mobiledott,6715,1,15,NULL
tech,mobiledott,6715,2,38,NULL
tech,mobiledott,6715,3,61,NULL
tech,mobiledott,6715,4,20,NULL
tech,mobiledott,6715,5,21,NULL
tech,mobiledott,6715,6,29,NULL
tech,mobiledott,6715,7,25,NULL
tech,mobiledott,6715,8,108,NULL
tech,mobiledott,6715,9,25,NULL
tech,kdesigninbox,66,0,11,Business & Utility Services
tech,kdesigninbox,66,1,13,Business & Utility Services
tech,kdesigninbox,66,2,15,Business & Utility Services
tech,tech_timeline_online,219,0,34,NULL
tech,tech_timeline_online,219,1,44,NULL
tech,tech_timeline_online,219,2,8,NULL
tech,tech_timeline_online,219,3,16,NULL
tech,tech_timeline_online,219,4,14,NULL
tech,tech_timeline_online,219,5,12,NULL
tech,tech_timeline_online,219,6,7,NULL
tech,tech_timeline_online,219,7,15,NULL
tech,tech_timeline_online,219,8,8,NULL
tech,tech_timeline_online,219,9,7,NULL
